sushrg,elective,emergency
AA22C,90,257
AA22D,51,257
AA22E,35,257
AA22F,24,257
AA22G,14,257
AA23C,114,257
AA23D,49,257
AA23E,27,257
AA23F,16,257
AA23G,11,257
AA24C,53,257
AA24D,34,257
AA24E,26,257
AA24F,20,257
AA24G,16,257
AA24H,11,257
AA25C,92,257
AA25D,42,257
AA25E,26,257
AA25F,14,257
AA25G,8,257
AA26C,82,257
AA26D,40,257
AA26E,24,257
AA26F,11,257
AA26G,8,257
AA26H,5,257
AA28C,74,257
AA28D,41,257
AA28E,25,257
AA28F,17,257
AA29C,21,257
AA29D,6,257
AA29E,5,257
AA29F,5,257
AA30C,80,257
AA30D,37,257
AA30E,19,257
AA30F,10,257
AA31C,14,257
AA31D,8,257
AA31E,5,257
AA32Z,5,257
AA33C,9,257
AA33D,5,434
AA35A,127,257
AA35B,86,257
AA35C,59,257
AA35D,38,257
AA35E,22,257
AA35F,14,257
AA43A,5,257
AA43B,5,257
AA50A,150,257
AA50B,84,257
AA50C,50,257
AA50D,162,434
AA50E,81,434
AA50F,53,434
AA51A,101,257
AA51B,58,257
AA51C,40,257
AA51D,30,257
AA51E,74,434
AA51F,36,434
AA51G,30,434
AA52A,83,257
AA52B,50,257
AA52C,30,257
AA52D,24,257
AA52E,61,257
AA52F,17,434
AA52G,17,434
AA53A,84,257
AA53B,38,257
AA53C,28,257
AA53D,17,257
AA53E,53,434
AA53F,23,434
AA53G,15,434
AA54A,25,257
AA54B,10,257
AA54C,14,257
AA55A,32,257
AA55B,10,257
AA55C,9,257
AA56A,12,434
AA56B,8,434
AA57A,10,257
AA57B,5,434
AA60A,20,257
AA60B,110,434
AA61A,127,257
AA61B,7,434
AA70Z,5,257
AA71A,58,257
AA71B,44,257
AA80Z,12,257
AA81Z,9,257
AB11Z,5,257
AB12Z,32,257
AB13Z,6,257
AB14Z,5,257
AB15Z,5,257
AB16Z,5,257
AB17Z,5,257
AB18Z,5,257
AB19Z,5,257
AB20Z,5,257
AB21Z,5,257
AB22Z,5,257
AB23Z,5,257
BZ24D,23,298
BZ24E,19,298
BZ24F,8,298
BZ24G,5,298
BZ30A,5,298
BZ30B,5,298
BZ31A,43,298
BZ31B,5,298
BZ32A,5,298
BZ32B,5,298
BZ33Z,5,298
BZ34A,98,298
BZ34B,15,298
BZ34C,5,298
BZ40Z,39,298
BZ41A,26,298
BZ41B,5,298
BZ42A,30,298
BZ42B,5,298
BZ43Z,5,435
BZ44A,40,298
BZ44B,5,298
BZ44C,5,435
BZ45A,20,298
BZ45B,5,298
BZ45C,5,435
BZ45D,5,435
BZ46A,5,298
BZ46B,5,435
BZ50Z,11,298
BZ51A,5,298
BZ51B,5,298
BZ52Z,10,435
BZ53A,5,298
BZ53B,6,298
BZ54A,5,298
BZ54B,5,298
BZ55Z,5,435
BZ56A,15,298
BZ56B,5,298
BZ56C,11,435
BZ57A,5,298
BZ57B,5,435
BZ60A,21,298
BZ60B,8,298
BZ61A,13,298
BZ61B,9,298
BZ62A,8,298
BZ62B,5,298
BZ63A,15,298
BZ63B,10,298
BZ64A,16,298
BZ64B,13,298
BZ65Z,5,298
BZ70Z,11,298
BZ71A,9,298
BZ71B,5,435
BZ72A,5,298
BZ72B,5,435
BZ72C,5,435
BZ73A,5,298
BZ73B,5,435
BZ74A,24,298
BZ74B,13,435
BZ80A,5,298
BZ80B,5,298
BZ81A,5,298
BZ81B,5,298
BZ82Z,5,435
BZ83A,5,298
BZ83B,5,298
BZ84A,13,298
BZ84B,5,298
BZ85Z,22,435
BZ86A,20,298
BZ86B,5,298
BZ86C,18,435
BZ87A,5,298
BZ87B,5,435
BZ87C,5,435
BZ88A,5,298
BZ88B,5,435
BZ89A,5,298
BZ89B,5,435
BZ90Z,5,298
BZ91A,5,298
BZ91B,5,298
BZ92A,10,298
BZ92B,8,298
BZ93A,5,298
BZ93B,5,298
BZ94A,5,298
BZ94B,5,298
BZ95Z,5,298
CA01Z,112,270
CA02A,62,270
CA02B,14,270
CA03A,27,270
CA03B,6,270
CA04A,50,270
CA04B,24,397
CA05A,5,270
CA05B,5,397
CA10A,5,270
CA10B,5,397
CA11A,9,270
CA11B,5,397
CA12Z,5,270
CA13A,5,270
CA13B,5,397
CA14Z,5,270
CA15Z,5,270
CA16Z,5,270
CA20Z,7,270
CA21Z,49,270
CA22Z,19,270
CA23Z,6,270
CA24A,5,270
CA24B,5,397
CA25A,5,270
CA25B,5,397
CA26Z,16,270
CA27Z,32,270
CA28Z,16,270
CA29Z,19,270
CA30A,18,270
CA30B,13,397
CA31Z,19,270
CA32A,9,270
CA32B,9,397
CA33Z,5,270
CA34A,5,270
CA34B,5,397
CA35A,5,270
CA35B,5,397
CA35C,5,397
CA36A,5,270
CA36B,5,397
CA37A,5,270
CA37B,5,397
CA37C,5,397
CA38A,12,270
CA38B,5,397
CA39Z,6,270
CA40Z,5,270
CA41Z,5,270
CA42Z,5,270
CA43Z,5,270
CA50Z,53,270
CA51A,19,270
CA51B,13,397
CA52A,31,270
CA52B,9,397
CA53A,30,270
CA53B,5,397
CA54A,5,270
CA54B,5,397
CA55A,5,270
CA55B,5,397
CA60A,10,270
CA60B,6,397
CA61Z,12,270
CA62Z,5,270
CA63Z,62,270
CA64Z,5,270
CA65Z,5,270
CA66A,5,270
CA66B,5,397
CA67A,82,270
CA67B,9,270
CA68A,16,270
CA68B,24,397
CA69A,5,270
CA69B,5,397
CA69C,5,397
CA70Z,5,270
CA71A,5,270
CA71B,5,397
CA80A,108,270
CA80B,71,270
CA80C,67,270
CA81A,84,270
CA81B,22,270
CA81C,33,397
CA81D,489,397
CA82A,39,270
CA82B,12,270
CA82C,11,397
CA82D,24,397
CA83A,14,270
CA83B,5,270
CA83C,5,397
CA84A,11,270
CA84B,6,270
CA84C,5,397
CA85A,5,270
CA85B,5,397
CA85C,5,397
CA86A,5,270
CA86B,5,397
CA86C,5,397
CA90Z,58,270
CA91A,41,270
CA91B,5,270
CA92A,12,270
CA92B,10,270
CA93A,6,270
CA93B,5,270
CA93C,5,397
CA94Z,9,270
CA95Z,5,270
CA96Z,5,270
CA97Z,5,270
CA98Z,5,270
CB01A,75,270
CB01B,52,270
CB01C,29,270
CB01D,40,270
CB01E,25,270
CB01F,14,270
CB02A,28,270
CB02B,7,270
CB02C,5,270
CB02D,8,270
CB02E,5,270
CB02F,5,270
CD01A,5,270
CD01B,5,397
CD02A,5,270
CD02B,5,397
CD03A,5,270
CD03B,5,397
CD04A,5,270
CD04B,5,397
CD05A,5,270
CD05B,5,397
CD06A,5,270
CD06B,5,397
CD07A,5,270
CD07B,5,397
CD08Z,5,270
CD09A,5,270
CD09B,5,397
CD10A,5,270
CD10B,5,397
CD11A,5,270
CD11B,5,397
CD12A,5,270
CD12B,5,397
DZ02H,44,230
DZ02J,24,230
DZ02K,17,230
DZ02L,20,355
DZ02M,57,355
DZ09J,53,230
DZ09K,30,230
DZ09L,40,230
DZ09M,23,230
DZ09N,17,230
DZ09P,11,230
DZ09Q,8,230
DZ10H,62,230
DZ10J,36,230
DZ10K,26,230
DZ10L,38,230
DZ10M,28,230
DZ10N,17,230
DZ11K,86,230
DZ11L,55,230
DZ11M,37,230
DZ11N,60,230
DZ11P,36,230
DZ11Q,25,230
DZ11R,55,230
DZ11S,32,230
DZ11T,21,230
DZ11U,15,230
DZ11V,11,230
DZ12C,33,230
DZ12D,23,230
DZ12E,21,230
DZ12F,13,230
DZ14F,36,230
DZ14G,38,230
DZ14H,23,230
DZ14J,21,230
DZ15M,28,230
DZ15N,21,230
DZ15P,16,230
DZ15Q,11,230
DZ15R,8,230
DZ16H,60,230
DZ16J,32,230
DZ16K,20,230
DZ16L,42,230
DZ16M,23,230
DZ16N,16,230
DZ16P,36,230
DZ16Q,16,230
DZ16R,8,230
DZ17L,56,230
DZ17M,41,230
DZ17N,28,230
DZ17P,44,230
DZ17Q,34,230
DZ17R,22,230
DZ17S,42,230
DZ17T,31,230
DZ17U,20,230
DZ17V,13,230
DZ18D,29,230
DZ18E,15,230
DZ18F,14,230
DZ18G,5,230
DZ19H,46,230
DZ19J,28,230
DZ19K,16,230
DZ19L,14,230
DZ19M,5,230
DZ19N,5,230
DZ20D,28,230
DZ20E,21,230
DZ20F,10,230
DZ22K,48,230
DZ22L,24,230
DZ22M,43,230
DZ22N,25,230
DZ22P,14,230
DZ22Q,5,230
DZ23H,59,230
DZ23J,46,230
DZ23K,27,230
DZ23L,38,230
DZ23M,22,230
DZ23N,14,230
DZ24J,107,230
DZ24K,58,230
DZ24L,70,230
DZ24M,40,230
DZ24N,62,230
DZ24P,40,230
DZ24Q,28,230
DZ24R,17,230
DZ25G,51,230
DZ25H,26,230
DZ25J,37,230
DZ25K,25,230
DZ25L,19,230
DZ25M,13,230
DZ26G,50,230
DZ26H,18,230
DZ26J,28,230
DZ26K,16,230
DZ26L,12,230
DZ26M,22,230
DZ26N,11,230
DZ26P,5,230
DZ27M,76,230
DZ27N,36,230
DZ27P,45,230
DZ27Q,27,230
DZ27R,21,230
DZ27S,34,230
DZ27T,20,230
DZ27U,11,230
DZ28A,5,230
DZ28B,5,230
DZ29G,40,230
DZ29H,21,230
DZ29J,14,230
DZ29K,10,230
DZ30Z,5,230
DZ31Z,5,230
DZ32Z,5,230
DZ37A,14,230
DZ37B,5,355
DZ42Z,5,230
DZ50Z,5,230
DZ51Z,149,230
DZ52Z,5,230
DZ56Z,5,230
DZ62A,78,230
DZ62B,36,230
DZ62C,23,230
DZ63A,60,230
DZ63B,28,230
DZ63C,22,230
DZ63D,36,355
DZ63E,50,355
DZ64A,43,230
DZ64B,24,230
DZ64C,17,230
DZ64D,21,355
DZ64E,26,355
DZ65A,54,230
DZ65B,28,230
DZ65C,39,230
DZ65D,24,230
DZ65E,17,230
DZ65F,40,230
DZ65G,23,230
DZ65H,16,230
DZ65J,12,230
DZ65K,5,230
DZ66Z,22,230
DZ67Z,5,230
DZ68Z,5,230
DZ69A,15,230
DZ69B,5,355
DZ70Z,5,230
DZ71Z,5,230
EB02A,91,264
EB02B,66,264
EB02C,43,264
EB03A,53,264
EB03B,32,264
EB03C,26,264
EB03D,19,264
EB03E,13,264
EB04Z,5,264
EB05A,29,264
EB05B,8,264
EB05C,5,264
EB06A,53,264
EB06B,32,264
EB06C,22,264
EB06D,13,264
EB07A,38,264
EB07B,19,264
EB07C,11,264
EB07D,8,264
EB07E,5,264
EB08A,35,264
EB08B,19,264
EB08C,9,264
EB08D,5,264
EB08E,5,264
EB09A,19,390
EB09B,7,390
EB10A,40,264
EB10B,22,264
EB10C,15,264
EB10D,11,264
EB10E,9,264
EB12A,8,264
EB12B,5,264
EB12C,5,264
EB13A,11,264
EB13B,5,264
EB13C,5,264
EB13D,5,264
EB14A,44,264
EB14B,22,264
EB14C,14,264
EB14D,10,264
EB14E,5,264
EB15A,42,264
EB15B,16,264
EB15C,10,264
EC10A,117,390
EC10B,61,390
EC10C,38,390
EC11A,105,390
EC11B,62,390
EC11C,41,390
EC12A,72,390
EC12B,41,390
EC12C,27,390
EC13A,64,390
EC13B,27,390
EC13C,19,390
EC14A,78,390
EC14B,45,390
EC14C,19,390
EC15A,22,390
EC15B,15,390
EC20A,26,390
EC20B,15,390
EC21Z,5,390
EC22Z,5,390
ED10Z,56,264
ED11Z,52,264
ED12A,78,264
ED12B,35,264
ED13A,35,264
ED13B,31,264
ED14A,74,264
ED14B,30,264
ED15A,66,264
ED15B,25,264
ED20A,78,264
ED20B,43,264
ED21A,83,264
ED21B,40,264
ED22A,74,264
ED22B,42,264
ED22C,33,264
ED23A,70,264
ED23B,40,264
ED23C,30,264
ED24A,85,264
ED24B,51,264
ED24C,44,264
ED25A,71,264
ED25B,38,264
ED25C,31,264
ED26A,59,264
ED26B,34,264
ED26C,23,264
ED27A,50,264
ED27B,34,264
ED27C,27,264
ED28A,38,264
ED28B,26,264
ED28C,17,264
ED30A,61,264
ED30B,31,264
ED30C,25,264
ED31A,56,264
ED31B,25,264
ED31C,21,264
EY01A,47,264
EY01B,24,264
EY02A,49,264
EY02B,26,264
EY03Z,41,264
EY04A,45,264
EY04B,15,264
EY05A,34,264
EY05B,19,264
EY06A,55,264
EY06B,33,264
EY06C,19,264
EY06D,15,264
EY06E,11,264
EY07A,36,264
EY07B,17,264
EY08A,70,264
EY08B,40,264
EY08C,27,264
EY08D,17,264
EY08E,11,264
EY11Z,5,264
EY12A,21,264
EY12B,11,264
EY13Z,5,264
EY16A,73,264
EY16B,35,264
EY17A,29,264
EY17B,11,264
EY20A,71,264
EY20B,35,264
EY21A,56,264
EY21B,26,264
EY22A,46,264
EY22B,29,264
EY22C,25,264
EY23A,43,264
EY23B,26,264
EY23C,12,264
EY30A,22,264
EY30B,16,264
EY31A,22,264
EY31B,9,264
EY32A,22,264
EY32B,14,264
EY40A,39,264
EY40B,18,264
EY40C,10,264
EY40D,9,264
EY41A,39,264
EY41B,16,264
EY41C,7,264
EY41D,6,264
EY42A,23,264
EY42B,12,264
EY42C,11,264
EY42D,10,264
EY43A,49,264
EY43B,30,264
EY43C,23,264
EY43D,15,264
EY43E,11,264
EY43F,9,264
EY50Z,5,264
EY51Z,5,264
FD01A,73,259
FD01B,30,259
FD01C,50,259
FD01D,24,259
FD01E,13,259
FD01F,33,259
FD01G,17,259
FD01H,11,259
FD01J,5,259
FD02A,72,259
FD02B,30,259
FD02C,42,259
FD02D,17,259
FD02E,22,259
FD02F,14,259
FD02G,11,259
FD02H,10,259
FD03A,48,259
FD03B,17,259
FD03C,39,259
FD03D,17,259
FD03E,11,259
FD03F,27,259
FD03G,14,259
FD03H,5,259
FD04A,77,259
FD04B,35,259
FD04C,43,259
FD04D,24,259
FD04E,10,259
FD05A,15,259
FD05B,5,259
FD10A,80,259
FD10B,46,259
FD10C,33,259
FD10D,23,259
FD10E,53,259
FD10F,29,259
FD10G,18,259
FD10H,12,259
FD10J,43,259
FD10K,20,259
FD10L,11,259
FD10M,5,259
FD11A,60,259
FD11B,41,259
FD11C,30,259
FD11D,39,259
FD11E,24,259
FD11F,16,259
FD11G,38,259
FD11H,26,259
FD11J,19,259
FD11K,10,259
FE01Z,46,259
FE02A,30,259
FE02B,5,259
FE02C,5,259
FE02D,5,424
FE02E,5,424
FE10A,59,259
FE10B,39,259
FE10C,26,259
FE10D,16,259
FE11A,63,259
FE11B,33,259
FE11C,19,259
FE11D,12,259
FE12A,5,259
FE12B,5,424
FE13Z,5,259
FE20Z,5,259
FE21Z,5,259
FE22Z,5,259
FE23A,5,424
FE23B,5,424
FE30Z,5,259
FE31Z,5,259
FE32Z,5,259
FE33Z,5,259
FE34Z,5,259
FE35Z,5,259
FE36Z,5,259
FE37A,5,424
FE37B,5,424
FE47Z,5,259
FE48A,5,259
FE48B,5,424
FE49Z,5,259
FE50A,5,259
FE50B,5,424
FF01A,124,259
FF01B,71,259
FF01C,63,259
FF02A,73,259
FF02B,42,259
FF02C,23,259
FF03A,115,424
FF03B,39,424
FF04A,62,259
FF04B,23,259
FF04C,14,259
FF04D,19,259
FF04E,34,424
FF04F,21,424
FF04G,43,424
FF04H,8,424
FF05Z,5,259
FF10Z,8,259
FF11Z,56,259
FF12Z,43,259
FF13Z,10,259
FF14Z,5,259
FF20A,130,259
FF20B,67,259
FF20C,41,259
FF20D,258,424
FF21A,83,259
FF21B,44,259
FF21C,30,259
FF21D,23,259
FF22A,83,259
FF22B,46,259
FF22C,30,259
FF22D,19,259
FF23A,51,424
FF23B,15,424
FF23C,137,424
FF23D,47,424
FF23E,24,424
FF30A,113,259
FF30B,66,259
FF30C,56,259
FF30D,40,259
FF31A,88,259
FF31B,50,259
FF31C,38,259
FF31D,28,259
FF32A,60,259
FF32B,31,259
FF32C,21,259
FF33A,47,259
FF33B,20,259
FF34A,50,259
FF34B,25,259
FF34C,12,259
FF35A,43,259
FF35B,19,424
FF35C,64,424
FF35D,14,424
FF36Z,5,259
FF37A,28,259
FF37B,15,259
FF37C,7,259
FF37D,6,259
FF37E,16,259
FF37F,10,424
FF37G,6,424
FF40A,16,259
FF40B,5,259
FF40C,8,424
FF41A,20,259
FF41B,5,259
FF41C,5,259
FF41D,5,259
FF42A,5,259
FF42B,5,424
FF47Z,5,259
FF48Z,5,259
FF50A,90,259
FF50B,47,259
FF50C,32,259
FF51A,74,259
FF51B,49,259
FF51C,31,259
FF51D,23,259
FF51E,16,259
FF51F,28,424
FF51G,14,424
FF51H,76,424
FF51J,50,424
FF52A,37,259
FF52B,15,259
FF52C,11,259
FF52D,11,424
FF53A,5,259
FF53B,5,424
FF60A,33,259
FF60B,16,259
FF60C,15,259
FF60D,12,259
FF61A,25,259
FF61B,12,259
FF61C,9,259
FF61D,9,424
FF62A,37,259
FF62B,10,259
FF62C,6,259
FF62D,6,259
FF62E,5,424
FF62F,6,424
FF63A,5,259
FF63B,6,424
GA03C,62,257
GA03D,31,257
GA03E,25,257
GA04C,84,257
GA04D,56,257
GA05C,67,257
GA05D,23,257
GA06C,51,257
GA06D,24,257
GA07C,35,257
GA07D,18,257
GA07E,14,257
GA10G,11,448
GA10H,24,257
GA10J,13,257
GA10K,10,257
GA10L,38,257
GA10M,20,257
GA10N,17,257
GA11Z,168,257
GA13A,31,257
GA13B,13,257
GB05F,54,257
GB05G,26,257
GB05H,22,257
GB06E,42,257
GB06F,24,257
GB06G,18,257
GB06H,14,257
GB09D,48,257
GB09E,25,257
GB09F,23,257
GB10Z,5,257
GB11Z,5,257
GB12Z,5,257
GB13Z,5,257
GC01C,52,257
GC01D,29,257
GC01E,31,257
GC01F,16,257
GC12C,44,257
GC12D,37,257
GC12E,24,257
GC12F,22,257
GC12G,29,257
GC12H,20,257
GC12J,11,257
GC12K,10,257
GC17A,69,257
GC17B,46,257
GC17C,34,257
GC17D,48,257
GC17E,30,257
GC17F,22,257
GC17G,33,257
GC17H,21,257
GC17J,12,257
GC17K,9,257
GC18A,27,257
GC18B,8,257
HC20H,67,258
HC20J,57,258
HC20K,35,258
HC20L,19,258
HC20M,9,258
HC21D,178,258
HC21E,25,258
HC26D,35,258
HC26E,15,258
HC26F,5,258
HC27H,50,258
HC27J,18,258
HC27K,52,258
HC27L,29,258
HC27M,15,258
HC27N,5,258
HC28H,113,258
HC28J,61,258
HC28K,44,258
HC28L,30,258
HC28M,19,258
HC29A,25,258
HC29B,5,258
HC30D,75,258
HC30E,26,258
HC31H,104,258
HC31J,65,258
HC31K,115,258
HC31L,69,258
HC31M,40,258
HC31N,29,258
HC32G,32,258
HC32H,24,258
HC32J,8,258
HC32K,5,258
HC50A,142,258
HC50B,44,453
HC51A,113,258
HC51B,41,258
HC51C,31,258
HC51D,101,453
HC51E,16,453
HC52A,133,258
HC52B,63,258
HC52C,39,258
HC52D,34,258
HC53A,73,258
HC53B,36,258
HC53C,24,258
HC54A,71,258
HC54B,37,258
HC54C,29,258
HC60A,77,258
HC60B,44,258
HC60C,22,258
HC61A,82,258
HC61B,42,258
HC61C,22,258
HC62A,73,258
HC62B,34,258
HC62C,17,258
HC63A,68,258
HC63B,27,258
HC63C,12,258
HC64A,53,258
HC64B,21,258
HC64C,10,258
HC65Z,5,258
HC70A,61,258
HC70B,23,258
HC71Z,31,258
HC72A,5,258
HC72B,5,453
HC72C,5,453
HD21D,41,259
HD21E,13,259
HD21F,5,259
HD21G,5,259
HD21H,5,259
HD23D,50,259
HD23E,25,259
HD23F,19,259
HD23G,15,259
HD23H,8,259
HD23J,5,259
HD24D,65,259
HD24E,38,259
HD24F,24,259
HD24G,13,259
HD24H,5,259
HD25D,84,259
HD25E,49,259
HD25F,34,259
HD25G,25,259
HD25H,17,259
HD26D,43,259
HD26E,21,259
HD26F,8,259
HD26G,5,259
HD39D,60,259
HD39E,40,259
HD39F,35,259
HD39G,27,259
HD39H,14,259
HD40D,56,259
HD40E,37,259
HD40F,25,259
HD40G,14,259
HD40H,8,259
HE11A,97,258
HE11B,59,258
HE11C,70,258
HE11D,53,258
HE11E,86,258
HE11F,64,258
HE11G,48,258
HE11H,30,258
HE12A,39,258
HE12B,7,258
HE12C,36,258
HE12D,13,258
HE12E,5,258
HE21A,74,258
HE21B,69,258
HE21C,36,258
HE21D,15,258
HE21E,67,258
HE21F,37,258
HE21G,13,258
HE22A,61,258
HE22B,38,258
HE22C,10,258
HE22D,45,258
HE22E,26,258
HE22F,9,258
HE22G,45,258
HE22H,24,258
HE22J,10,258
HE22K,5,258
HE31A,36,258
HE31B,43,258
HE31C,9,258
HE31D,56,258
HE31E,40,258
HE31F,19,258
HE31G,5,258
HE32A,26,258
HE32B,6,258
HE32C,15,258
HE32D,5,258
HE32E,5,258
HE41A,6,258
HE41B,23,258
HE41C,5,258
HE41D,5,258
HE42A,10,258
HE42B,6,258
HE42C,8,258
HE42D,5,258
HE42E,5,258
HE51A,64,258
HE51B,35,258
HE51C,11,258
HE51D,63,258
HE51E,48,258
HE51F,31,258
HE51G,18,258
HE51H,5,258
HE52A,30,258
HE52B,6,258
HE52C,26,258
HE52D,13,258
HE52E,5,258
HE52F,5,258
HE71A,40,258
HE71B,33,258
HE71C,19,258
HE71D,8,258
HE72A,15,258
HE72B,26,258
HE72C,13,258
HE72D,5,258
HE72E,5,258
HE81A,73,258
HE81B,42,258
HE81C,19,258
HE82A,68,258
HE82B,32,258
HE82C,16,258
HE82D,8,258
HE83A,43,258
HE83B,22,258
HE83C,8,258
HN12A,125,258
HN12B,84,258
HN12C,71,258
HN12D,53,258
HN12E,41,258
HN12F,31,258
HN13A,107,258
HN13B,77,258
HN13C,54,258
HN13D,40,258
HN13E,34,258
HN13F,22,258
HN13G,31,453
HN13H,16,453
HN14A,82,258
HN14B,30,258
HN14C,14,258
HN14D,9,258
HN14E,6,258
HN14F,32,453
HN14G,20,453
HN14H,22,453
HN15A,5,258
HN15B,5,453
HN16A,5,258
HN16B,5,453
HN16C,5,453
HN22A,107,258
HN22B,87,258
HN22C,58,258
HN22D,51,258
HN22E,29,258
HN23A,69,258
HN23B,41,258
HN23C,32,258
HN23D,57,453
HN23E,11,453
HN24A,74,258
HN24B,42,258
HN24C,14,258
HN24D,23,453
HN24E,5,453
HN24F,21,453
HN25A,5,258
HN25B,5,453
HN26A,5,258
HN26B,5,453
HN26C,5,453
HN32A,105,258
HN32B,46,258
HN32C,26,258
HN33A,75,258
HN33B,36,258
HN33C,25,258
HN33D,16,453
HN34A,66,258
HN34B,32,258
HN34C,18,258
HN34D,15,453
HN35A,5,258
HN35B,5,453
HN36Z,5,258
HN42A,36,258
HN42B,11,258
HN43A,26,258
HN43B,10,258
HN43C,5,453
HN44A,27,258
HN44B,8,258
HN44C,5,453
HN44D,5,453
HN45A,5,258
HN45B,5,453
HN45C,5,453
HN46Z,5,258
HN52A,86,258
HN52B,56,258
HN52C,14,258
HN53A,53,258
HN53B,39,258
HN53C,8,258
HN54A,70,258
HN54B,24,258
HN54C,5,258
HN54D,8,453
HN55Z,5,258
HN56Z,5,258
HN62A,56,258
HN62B,7,258
HN63A,44,258
HN63B,6,258
HN64A,50,258
HN64B,9,258
HN64C,5,453
HN64D,5,453
HN65Z,5,258
HN66Z,5,258
HN80A,167,258
HN80B,106,258
HN80C,63,258
HN80D,42,258
HN81A,106,258
HN81B,73,258
HN81C,53,258
HN81D,43,258
HN81E,31,258
HN85Z,44,258
HN86A,52,258
HN86B,12,258
HN93Z,27,258
HT12A,93,258
HT12B,63,258
HT12C,46,258
HT12D,34,258
HT12E,24,258
HT13A,92,258
HT13B,66,258
HT13C,49,258
HT13D,36,258
HT13E,25,258
HT14A,49,258
HT14B,28,258
HT14C,10,258
HT15Z,5,258
HT22A,82,258
HT22B,38,258
HT22C,26,258
HT23A,61,258
HT23B,33,258
HT23C,21,258
HT23D,12,258
HT23E,7,453
HT24A,47,258
HT24B,15,258
HT24C,9,258
HT24D,6,453
HT25Z,5,258
HT32A,62,258
HT32B,29,258
HT32C,15,258
HT33A,53,258
HT33B,26,258
HT33C,15,258
HT33D,10,258
HT33E,6,453
HT34A,61,258
HT34B,22,258
HT34C,12,258
HT34D,9,258
HT34E,5,453
HT35Z,5,258
HT42A,13,258
HT42B,5,258
HT43A,30,258
HT43B,6,258
HT43C,5,258
HT43D,5,453
HT43E,5,453
HT44A,31,258
HT44B,5,258
HT44C,5,258
HT44D,5,453
HT44E,5,453
HT45Z,5,258
HT52A,59,258
HT52B,28,258
HT52C,14,258
HT53A,57,258
HT53B,20,258
HT53C,9,258
HT53D,5,258
HT53E,5,453
HT54A,40,258
HT54B,10,258
HT54C,5,258
HT54D,5,258
HT55Z,5,258
HT62A,43,258
HT62B,6,258
HT63A,45,258
HT63B,15,258
HT63C,6,258
HT63D,5,258
HT63E,5,453
HT63F,5,453
HT64A,9,258
HT64B,5,258
HT64C,5,453
HT64D,5,453
HT65Z,5,258
HT81A,97,258
HT81B,69,258
HT81C,48,258
HT81D,30,258
HT86A,56,258
HT86B,32,258
HT86C,17,258
JA12D,51,253
JA12E,24,253
JA12F,16,253
JA12G,34,253
JA12H,20,253
JA12J,13,253
JA12K,8,253
JA12L,5,253
JA13A,11,253
JA13B,10,253
JA13C,5,253
JA20D,47,253
JA20E,17,253
JA20F,9,253
JA21A,22,253
JA21B,13,253
JA30Z,18,253
JA31Z,15,253
JA32Z,25,253
JA33Z,19,253
JA34Z,124,253
JA35Z,10,253
JA36Z,13,253
JA37Z,30,253
JA38A,39,253
JA38B,17,253
JA38C,5,253
JA39Z,5,253
JA40Z,5,253
JA41Z,5,253
JA42Z,11,253
JA43A,22,253
JA43B,9,253
JA44Z,5,253
JA45Z,5,253
JC40Z,84,253
JC41Z,50,253
JC42A,5,253
JC42B,5,253
JC43A,5,253
JC43B,5,253
JC44Z,5,253
JC45A,5,253
JC45B,5,253
JC46Z,5,253
JC47A,5,253
JC47B,5,253
JD07A,80,253
JD07B,39,253
JD07C,23,253
JD07D,10,253
JD07E,75,253
JD07F,46,253
JD07G,31,253
JD07H,21,253
JD07J,10,253
JD07K,5,253
KA03C,47,243
KA03D,16,243
KA04A,53,243
KA04B,27,243
KA05C,19,243
KA05D,5,243
KA06C,42,243
KA06D,14,243
KA06E,8,243
KA07A,45,243
KA07B,10,243
KA07C,5,243
KA08A,21,243
KA08B,9,243
KA08C,5,243
KA09C,70,243
KA09D,27,243
KA09E,13,243
KB01C,27,243
KB01D,9,243
KB01E,5,243
KB01F,5,243
KB02G,31,243
KB02H,16,243
KB02J,6,243
KB02K,5,243
KB03C,41,243
KB03D,22,243
KB03E,15,243
KB04Z,10,243
KC04A,29,243
KC04B,5,243
KC05G,45,243
KC05H,22,243
KC05J,33,243
KC05K,19,243
KC05L,11,243
KC05M,8,243
KC05N,5,243
LA04H,87,239
LA04J,54,239
LA04K,41,239
LA04L,27,239
LA04M,13,239
LA04N,68,239
LA04P,41,239
LA04Q,25,239
LA04R,14,239
LA04S,8,239
LA05Z,5,239
LA07H,70,239
LA07J,40,239
LA07K,24,239
LA07L,53,239
LA07M,34,239
LA07N,20,239
LA07P,11,239
LA08G,60,239
LA08H,29,239
LA08J,17,239
LA08K,57,239
LA08L,33,239
LA08M,22,239
LA08N,14,239
LA08P,8,239
LA09J,54,239
LA09K,24,239
LA09L,12,239
LA09M,40,239
LA09N,23,239
LA09P,14,239
LA09Q,8,239
LA97A,5,0
LA97B,5,-
LB06H,55,239
LB06J,33,239
LB06K,21,239
LB06L,13,239
LB06M,15,239
LB06N,53,239
LB06P,34,239
LB06Q,22,239
LB06R,11,239
LB06S,8,239
LB09C,5,461
LB09D,5,239
LB10B,38,461
LB10C,40,239
LB10D,17,239
LB12Z,9,239
LB13C,64,239
LB13D,28,239
LB13E,21,239
LB13F,14,239
LB14Z,5,239
LB15D,5,461
LB15E,5,239
LB16D,34,239
LB16E,12,239
LB16F,7,239
LB16G,21,239
LB16H,10,239
LB16J,5,239
LB16K,5,239
LB17Z,5,239
LB18Z,5,239
LB19C,31,239
LB19D,7,239
LB19E,22,239
LB19F,8,239
LB19G,5,239
LB20C,23,239
LB20D,10,239
LB20E,21,239
LB20F,5,239
LB20G,5,239
LB21A,39,239
LB21B,16,239
LB22Z,5,239
LB25D,79,239
LB25E,25,239
LB25F,15,239
LB26A,29,239
LB26B,6,239
LB28C,16,239
LB28D,7,239
LB28E,15,239
LB28F,6,239
LB28G,5,239
LB29A,5,239
LB29C,9,461
LB29D,30,461
LB33Z,5,239
LB35C,26,239
LB35D,7,239
LB35E,20,239
LB35F,10,239
LB35G,5,239
LB35H,5,239
LB36Z,5,239
LB37C,14,239
LB37D,8,239
LB37E,5,239
LB38C,29,239
LB38D,12,239
LB38E,7,239
LB38F,19,239
LB38G,8,239
LB38H,5,239
LB39C,83,239
LB39D,31,239
LB40C,18,239
LB40D,5,239
LB40E,14,239
LB40F,5,239
LB40G,5,239
LB42A,5,239
LB42D,5,461
LB43Z,5,239
LB47Z,6,239
LB48Z,14,239
LB49Z,33,239
LB50Z,53,239
LB51A,215,239
LB51B,5,239
LB52A,43,239
LB52B,5,239
LB53B,5,461
LB53C,17,239
LB53D,5,239
LB54A,5,239
LB54C,5,461
LB54D,5,461
LB55A,5,239
LB55B,5,461
LB56A,5,239
LB56C,5,461
LB56D,5,461
LB57C,12,239
LB57D,5,239
LB58C,20,239
LB58D,5,239
LB59Z,7,239
LB60C,63,239
LB60D,35,239
LB60E,26,239
LB60F,18,239
LB61C,64,239
LB61D,42,239
LB61E,29,239
LB61F,19,239
LB61G,17,239
LB62C,50,239
LB62D,16,239
LB63C,28,461
LB63D,15,461
LB64C,56,239
LB64D,15,239
LB64E,5,239
LB65C,35,239
LB65D,10,239
LB65E,5,239
LB66Z,7,461
LB67C,80,239
LB67D,42,239
LB68A,45,239
LB68B,16,239
LB69Z,13,239
LB70C,47,239
LB70D,13,239
LB71Z,169,239
LB72A,5,239
LB72B,5,461
LB73Z,5,239
LB74Z,14,239
LB75A,60,239
LB75B,19,239
LB76Z,5,239
LB77Z,5,239
LB78Z,5,239
LB79Z,5,239
LB80Z,5,239
MA01Z,16,336
MA02A,43,336
MA02B,16,336
MA02C,13,336
MA03C,22,336
MA03D,6,336
MA04C,21,336
MA04D,5,336
MA06A,50,336
MA06B,22,336
MA06C,10,336
MA07E,45,336
MA07F,16,336
MA07G,9,336
MA08A,6,336
MA08B,5,336
MA09Z,6,336
MA10Z,5,336
MA11Z,10,336
MA12Z,5,336
MA17C,5,336
MA17D,5,336
MA18C,5,336
MA18D,5,336
MA19A,5,336
MA19B,5,336
MA20Z,5,336
MA22Z,5,336
MA23Z,5,336
MA24Z,5,336
MA25Z,5,336
MA26A,67,336
MA26B,22,336
MA26C,18,336
MA27Z,5,336
MA28Z,15,336
MA29Z,12,336
MA30Z,5,336
MA31Z,5,336
MA32Z,5,336
MA33Z,5,336
MA34Z,5,336
MA35Z,5,336
MA36Z,5,336
MA37Z,5,336
MA38Z,5,336
MA39Z,5,336
MA40Z,5,336
MB05C,54,336
MB05D,34,336
MB05E,22,336
MB05F,15,336
MB05G,43,336
MB05H,29,336
MB05J,22,336
MB05K,11,336
MB05L,8,336
MB08A,5,336
MB08B,5,336
MB09A,38,336
MB09B,13,336
MB09C,7,336
MB09D,19,336
MB09E,8,336
MB09F,5,336
PB03Z,5,0
PB04A,82,461
PB04B,29,461
PB04C,10,461
PB04D,6,461
PB05A,96,461
PB05B,30,461
PB05C,5,461
PB06A,76,461
PB06B,24,461
PB06C,13,461
PB06D,10,461
PB06E,7,461
PB06F,5,461
PB06G,43,461
PB06H,16,461
PB06J,9,461
PB06K,8,461
PB06L,5,461
PB06M,5,461
PC63A,10,424
PC63B,5,424
PC63C,5,424
PC63D,5,424
PD11A,5,424
PD11B,5,424
PD11C,5,424
PD12A,6,424
PD12B,5,424
PD12C,5,424
PD14A,42,424
PD14B,22,424
PD14C,14,424
PD14D,8,424
PD14E,5,424
PD14F,5,424
PD15A,20,424
PD15B,9,424
PD15C,8,424
PD15D,5,424
PD65A,8,424
PD65B,5,424
PD65C,5,424
PD65D,5,424
PE23A,68,424
PE23B,35,424
PE23C,20,424
PE23D,14,424
PE23E,8,424
PE23F,5,424
PE24A,5,424
PE24B,5,424
PE24C,5,424
PE62A,5,424
PE62B,5,424
PE62C,5,424
PF21A,5,424
PF21B,5,424
PF25A,35,424
PF25B,14,424
PF25C,10,424
PF25D,8,424
PF25E,5,424
PF26A,10,424
PF26B,5,424
PF26C,5,424
PF27A,15,424
PF27B,13,424
PF28A,14,424
PF28B,8,424
PF28C,5,424
PF28D,5,424
PF28E,5,424
PG71A,16,424
PG71B,9,424
PG71C,8,424
PH34A,13,424
PH34B,5,424
PH34C,5,424
PH34D,5,424
PJ35A,10,424
PJ35B,5,424
PJ35C,5,424
PJ35D,5,424
PJ66A,5,424
PJ66B,5,424
PJ66C,5,424
PK36A,19,424
PK36B,5,424
PK36C,5,424
PK67A,6,424
PK67B,6,424
PK68A,6,424
PK68B,5,424
PK68C,5,424
PK72A,32,424
PK72B,9,424
PK72C,8,424
PL38A,15,424
PL38B,9,424
PL38C,5,424
PL69A,9,424
PL69B,6,424
PL69C,8,424
PL70A,10,424
PL70B,5,424
PL70C,5,424
PL70D,5,424
PM40A,30,424
PM40B,14,424
PM40C,11,424
PM41Z,26,424
PM42A,11,424
PM42B,6,424
PM43A,31,424
PM43B,12,424
PM43C,11,424
PM44Z,5,424
PM45A,49,424
PM45B,13,424
PM45C,10,424
PM45D,7,424
PN46A,5,424
PN46B,5,424
PN47A,14,424
PN47B,6,424
PN48A,14,424
PN48B,8,424
PN48C,5,424
PN49A,5,424
PN49B,5,424
PP64A,8,424
PP64B,5,424
PQ01A,23,424
PQ01B,5,424
PR01A,65,424
PR01B,15,424
PR01C,8,424
PR01D,5,424
PR01E,5,424
PR02A,11,424
PR02B,5,424
PR02C,5,424
PR03A,5,424
PR03B,5,424
PR03C,5,424
PR04A,5,424
PR04B,5,424
PR04C,5,424
PR06A,11,424
PR06B,6,424
PR06C,5,424
PR07A,5,424
PR07B,5,424
PV08A,5,424
PV08B,5,424
PV31A,24,424
PV31B,16,424
PV32A,5,424
PV32B,5,424
PV32C,5,424
PW01A,5,424
PW01B,5,424
PW01C,5,424
PW16A,33,424
PW16B,19,424
PW16C,11,424
PW16D,9,424
PW16E,8,424
PW17D,5,424
PW17E,11,424
PW17F,8,424
PW17G,5,424
PW20A,8,424
PW20B,5,424
PW20C,5,424
PX01A,50,424
PX01B,16,424
PX01C,8,424
PX01D,5,424
PX02A,25,424
PX02B,6,424
PX02C,5,424
PX03A,26,424
PX03B,5,424
PX04A,8,424
PX04B,8,424
PX05A,6,424
PX05B,5,424
PX05C,5,424
PX06A,6,424
PX06B,5,424
PX07A,10,424
PX07B,6,424
PX07C,5,424
PX08A,24,424
PX08B,5,424
PX08C,5,424
PX09A,39,424
PX09B,11,424
PX09C,5,424
PX10A,19,424
PX10B,5,424
PX22A,5,424
PX22B,5,424
PX29A,5,424
PX29B,5,424
PX29C,5,424
PX30A,14,424
PX30B,5,424
PX30C,5,424
PX50A,5,424
PX50B,5,424
PX50C,5,424
PX51Z,5,424
PX54Z,5,424
PX55Z,17,424
PX56A,5,424
PX56B,5,424
PX57A,9,424
PX57B,6,424
PX57C,5,424
RD97Z,5,-
RN97Z,5,-
SA01G,39,305
SA01H,15,305
SA01J,9,305
SA01K,8,305
SA02G,31,305
SA02H,6,305
SA02J,5,305
SA03G,21,305
SA03H,11,305
SA04G,49,305
SA04H,22,305
SA04J,11,305
SA04K,5,305
SA04L,5,305
SA05G,26,305
SA05H,11,305
SA05J,5,305
SA06G,43,305
SA06H,16,305
SA06J,10,305
SA06K,5,305
SA07G,41,305
SA07H,13,305
SA07J,5,305
SA08G,25,305
SA08H,13,305
SA08J,5,305
SA09G,42,305
SA09H,17,305
SA09J,9,305
SA09K,5,305
SA09L,5,305
SA11Z,5,305
SA12G,30,305
SA12H,14,305
SA12J,10,305
SA12K,5,305
SA14Z,57,305
SA15Z,68,305
SA16Z,73,305
SA17G,35,305
SA17H,8,305
SA18Z,25,305
SA24G,73,305
SA24H,34,305
SA24J,15,305
SA25G,75,305
SA25H,67,305
SA25J,54,305
SA25K,47,305
SA25L,26,305
SA25M,15,305
SA30A,63,305
SA30B,34,305
SA30C,25,305
SA30D,18,305
SA30E,8,305
SA31A,77,305
SA31B,47,305
SA31C,34,305
SA31D,22,305
SA31E,19,305
SA31F,15,305
SA32A,46,305
SA32B,21,305
SA32C,21,305
SA32D,10,305
SA33Z,5,305
SA35A,51,305
SA35B,18,305
SA35C,15,305
SA35D,11,305
SA35E,9,305
SA36A,24,305
SA36B,15,305
SA36C,8,305
SA37Z,5,305
SA41Z,5,305
SA42Z,5,305
SA43Z,40,305
SA44A,5,305
SA44B,5,305
SA45A,5,305
SA45B,5,305
SB97Z,5,0
SC97Z,5,0
UZ01Z,5,0
VA10A,5,250
VA10B,11,250
VA10C,24,250
VA10D,54,250
VA11A,10,250
VA11B,19,250
VA11C,32,250
VA11D,60,250
VA12A,16,250
VA12B,28,250
VA12C,36,250
VA12D,64,250
VA13A,16,250
VA13B,22,250
VA13C,32,250
VA13D,67,250
VA14A,17,250
VA14B,26,250
VA14C,34,250
VA14D,73,250
VA15A,34,250
VA15B,37,250
VA15C,40,250
VA15D,94,250
WH02Z,5,239
WH03A,20,239
WH03B,5,239
WH04A,39,239
WH04B,27,239
WH04C,15,239
WH04D,8,239
WH04E,5,239
WH05Z,5,239
WH06Z,5,239
WH07A,50,239
WH07B,23,239
WH07C,29,239
WH07D,12,239
WH07E,34,239
WH07F,16,239
WH07G,5,239
WH08A,15,239
WH08B,5,239
WH09A,69,239
WH09B,63,239
WH09C,38,239
WH09D,69,239
WH09E,49,239
WH09F,31,239
WH09G,13,239
WH10A,15,239
WH10B,5,239
WH11A,29,239
WH11B,5,239
WH12A,10,239
WH12B,5,239
WH13A,21,239
WH13B,5,239
WH13C,5,239
WH14A,50,239
WH14B,25,239
WH14C,29,239
WH14D,11,239
WH15Z,5,239
WH16A,5,239
WH16B,5,239
WH17A,47,239
WH17B,10,239
WH17C,5,239
WH18A,12,239
WH18B,5,239
WH19Z,5,239
WH20A,30,239
WH20B,9,239
WH20C,5,239
WH51Z,5,239
WH52A,51,239
WH52B,5,239
WH53A,20,239
WH53B,5,239
WH54A,58,239
WH54B,23,239
WJ01A,98,239
WJ01B,46,239
WJ01C,53,239
WJ01D,23,239
WJ01E,11,239
WJ02A,85,239
WJ02B,44,239
WJ02C,27,239
WJ02D,15,239
WJ02E,6,239
WJ03A,62,239
WJ03B,42,239
WJ03C,12,239
WJ03D,28,239
WJ03E,16,239
WJ03F,10,239
WJ03G,5,239
WJ04Z,8,239
WJ06A,82,239
WJ06B,59,239
WJ06C,42,239
WJ06D,52,239
WJ06E,39,239
WJ06F,28,239
WJ06G,38,239
WJ06H,23,239
WJ06J,15,239
WJ07A,42,239
WJ07B,23,239
WJ07C,9,239
WJ07D,5,239
WJ10A,65,239
WJ10B,47,239
WJ10C,26,239
WJ10D,22,239
WJ10E,14,239
WJ10F,11,239
WJ11Z,5,239
YA01Z,46,266
YA02A,67,266
YA02B,24,266
YA03A,68,266
YA03B,37,266
YA03C,25,266
YA04Z,44,266
YA10Z,38,266
YA11Z,5,266
YA12Z,26,266
YA13Z,28,266
YD01Z,9,266
YD02Z,5,266
YD03Z,5,266
YD04Z,5,266
YD05Z,5,266
YF01A,5,266
YF01B,5,266
YF02Z,5,266
YF03A,105,266
YF03B,56,266
YF04A,66,266
YF04B,29,266
YF04C,18,266
YG01A,31,266
YG01B,6,266
YG02Z,63,266
YG03A,60,266
YG03B,44,266
YG04A,48,266
YG04B,26,266
YG05A,48,266
YG05B,28,266
YG06Z,14,266
YG07A,64,266
YG07B,30,266
YG10Z,5,266
YG11A,5,266
YG11B,5,266
YG12Z,5,266
YH01Z,59,266
YH02Z,52,266
YH03Z,49,266
YH10Z,5,266
YH20Z,30,266
YH30Z,5,266
YH31Z,5,266
YH32Z,5,266
YJ01Z,5,266
YJ02Z,5,266
YJ03Z,5,266
YJ04Z,5,266
YJ05Z,5,266
YJ06Z,5,266
YJ07Z,5,266
YJ08Z,5,266
YJ09Z,5,266
YJ10Z,5,266
YJ11Z,5,266
YJ12Z,5,266
YL01Z,5,266
YL02Z,14,266
YL10Z,5,266
YL11Z,5,266
YL12Z,5,266
YL20A,5,266
YL20B,5,266
YL21Z,5,266
YQ01A,57,266
YQ01B,28,266
YQ02Z,47,266
YQ03A,51,266
YQ03B,25,266
YQ04A,53,266
YQ04B,37,266
YQ05A,47,266
YQ05B,20,266
YQ10A,77,266
YQ10B,39,266
YQ10C,32,266
YQ10D,23,266
YQ11A,61,266
YQ11B,34,266
YQ11C,29,266
YQ12A,78,266
YQ12B,42,266
YQ12C,30,266
YQ12D,21,266
YQ13A,65,266
YQ13B,32,266
YQ14Z,5,266
YQ15Z,5,266
YQ16Z,5,266
YQ20A,138,266
YQ20B,74,266
YQ21A,116,266
YQ21B,57,266
YQ22A,96,266
YQ22B,48,266
YQ23A,85,266
YQ23B,47,266
YQ24A,100,266
YQ24B,52,266
YQ25A,70,266
YQ25B,42,266
YQ26A,51,266
YQ26B,28,266
YQ26C,21,266
YQ30Z,21,266
YQ31A,35,266
YQ31B,13,266
YQ32A,37,266
YQ32B,6,266
YQ40Z,36,266
YQ41A,30,266
YQ41B,10,266
YQ42Z,5,266
YQ50A,75,266
YQ50B,44,266
YQ50C,27,266
YQ50D,16,266
YQ50E,8,266
YQ50F,5,266
YQ51A,51,266
YQ51B,25,266
YQ51C,15,266
YQ51D,5,266
YQ51E,5,266
YR01Z,48,266
YR02Z,45,266
YR03Z,29,266
YR04Z,34,266
YR10A,55,266
YR10B,25,266
YR10C,17,266
YR11A,66,266
YR11B,31,266
YR11C,26,266
YR11D,14,266
YR12Z,35,266
YR13Z,40,266
YR14A,47,266
YR14B,14,266
YR15A,50,266
YR15B,22,266
YR15C,13,266
YR16A,59,266
YR16B,22,266
YR22A,82,266
YR22B,29,266
YR22C,18,266
YR23A,43,266
YR23B,13,266
YR24C,61,266
YR24D,19,266
YR25Z,5,266
YR26Z,5,266
YR30Z,5,266
YR31Z,5,266
YR32Z,5,266
YR33Z,5,266
YR40A,11,266
YR40B,5,266
YR41A,5,266
YR41B,5,266
YR42A,5,266
YR42B,5,266
YR43A,5,266
YR43B,5,266
YR44A,5,266
YR44B,5,266
YR45Z,5,266
YR46Z,5,266
YR47Z,5,266
YR48Z,5,266
YR50Z,55,266
YR51Z,51,266
YR52A,45,266
YR52B,21,266
YR53Z,46,266
YR54A,60,266
YR54B,21,266
YR54C,15,266
YR55Z,6,266
YR56Z,5,266
YR57Z,23,266
